Item,Condition,Sentence,Target,score,tscore,tok_scores
1,dative,Laura dio flores a Rafael en el parque de las afueras de la ciudad.,Rafael,5.097100257873535,9.694825172424316,"[('Laura', 8.71015739440918), ('dio', 9.954228401184082), ('flores', 7.91734504699707), ('a', 7.660101413726807), ('Rafael', 9.694825172424316), ('en', 5.3503522872924805), ('el', 3.2531299591064453), ('parque', 9.076353073120117), ('de', 0.5951786041259766), ('las', 3.3029985427856445), ('afueras', 22.456283569335938), ('de', 0.500798225402832), ('la', 0.48041820526123047), ('ciudad', 6.553051471710205), ('.', 1.3396825790405273)]"
1,dative_doubled,Laura le dio flores a Rafael en el parque de las afueras de la ciudad.,Rafael,5.206653118133545,9.9491605758667,"[('Laura', 8.263124465942383), ('le', 6.6462531089782715), ('dio', 10.730739116668701), ('flores', 8.211198806762695), ('a', 7.535001754760742), ('Rafael', 9.9491605758667), ('en', 5.144352436065674), ('el', 3.297112464904785), ('parque', 8.920656204223633), ('de', 0.572148323059082), ('las', 3.3916683197021484), ('afueras', 22.56434965133667), ('de', 0.4759178161621094), ('la', 0.42278194427490234), ('ciudad', 6.6734418869018555), ('.', 1.3351564407348633)]"
1,accusative,Laura encontró a Rafael en el parque de las afueras de la ciudad.,Rafael,5.169158458709717,11.187554359436035,"[('Laura', 10.438821792602539), ('encontró', 16.004738807678223), ('a', 7.751362323760986), ('Rafael', 11.187554359436035), ('en', 4.715506553649902), ('el', 3.899785041809082), ('parque', 8.55958366394043), ('de', 0.5175580978393555), ('las', 3.373525619506836), ('afueras', 23.359059810638428), ('de', 0.4118213653564453), ('la', 0.39641761779785156), ('ciudad', 6.485198974609375), ('.', 1.1130809783935547)]"
1,accusative_doubled,Laura lo encontró a Rafael en el parque de las afueras de la ciudad.,Rafael,5.2635369300842285,11.154759407043457,"[('Laura', 9.882904052734375), ('lo', 6.866217613220215), ('encontró', 16.640697479248047), ('a', 7.7390899658203125), ('Rafael', 11.154759407043457), ('en', 4.7730913162231445), ('el', 3.8859071731567383), ('parque', 8.511151313781738), ('de', 0.5179252624511719), ('las', 3.310678482055664), ('afueras', 23.50365924835205), ('de', 0.4122629165649414), ('la', 0.38565826416015625), ('ciudad', 6.531085014343262), ('.', 1.1556434631347656)]"
2,dative,Pablo ofreció su bicicleta a Julia en la plaza en la tarde del lunes.,Julia,6.449812412261963,11.303558349609375,"[('Pablo', 8.505230903625488), ('ofreció', 25.10811996459961), ('su', 7.395148277282715), ('bicicleta', 22.620578289031982), ('a', 7.4287261962890625), ('Julia', 11.303558349609375), ('en', 5.6326985359191895), ('la', 3.6147356033325195), ('plaza', 8.444535255432129), ('en', 5.429458141326904), ('la', 3.2463512420654297), ('tarde', 14.90493631362915), ('del', 3.3848366737365723), ('lunes', 14.088027000427246), ('.', 0.7889194488525391)]"
2,dative_doubled,Pablo le ofreció su bicicleta a Julia en la plaza en la tarde del lunes.,Julia,6.279695510864258,11.123529434204102,"[('Pablo', 6.677259922027588), ('le', 5.8925065994262695), ('ofreció', 24.409921169281006), ('su', 7.493735313415527), ('bicicleta', 22.43839454650879), ('a', 7.435520172119141), ('Julia', 11.123529434204102), ('en', 5.510512351989746), ('la', 3.4839792251586914), ('plaza', 8.515804290771484), ('en', 5.409875392913818), ('la', 3.1076040267944336), ('tarde', 14.78374719619751), ('del', 3.5239405632019043), ('lunes', 13.830230236053467), ('.', 0.7964296340942383)]"
2,accusative,Pablo saludó a Julia en la plaza en la tarde del lunes.,Julia,5.826651096343994,11.366973876953125,"[('Pablo', 6.007595539093018), ('saludó', 15.516304016113281), ('a', 7.621331691741943), ('Julia', 11.366973876953125), ('en', 5.455151081085205), ('la', 3.39266300201416), ('plaza', 8.478194236755371), ('en', 5.200674533843994), ('la', 2.9792728424072266), ('tarde', 14.611924171447754), ('del', 3.6099443435668945), ('lunes', 14.156354904174805), ('.', 0.6566762924194336)]"
2,accusative_doubled,Pablo la saludó a Julia en la plaza en la tarde del lunes.,Julia,5.6450042724609375,11.376166343688965,"[('Pablo', 6.878690242767334), ('la', 2.829986572265625), ('saludó', 15.97346305847168), ('a', 7.508782386779785), ('Julia', 11.376166343688965), ('en', 5.357139587402344), ('la', 2.91007137298584), ('plaza', 8.174760818481445), ('en', 5.1317362785339355), ('la', 2.507725715637207), ('tarde', 14.640952587127686), ('del', 3.6124558448791504), ('lunes', 14.001299858093262), ('.', 0.7068462371826172)]"
3,dative,Sofía devolvió los libros a José en el colegio por la mañana del martes.,José,5.905026435852051,9.263285636901855,"[('Sofía', 9.958832740783691), ('devolvió', 19.407227993011475), ('los', 7.3953657150268555), ('libros', 18.411407470703125), ('a', 9.527911186218262), ('José', 9.263285636901855), ('en', 6.260540008544922), ('el', 3.9237236976623535), ('colegio', 7.179229736328125), ('por', 7.266324996948242), ('la', 3.7389001846313477), ('mañana', 11.111798763275146), ('del', 3.1367998123168945), ('martes', 11.20427656173706), ('.', 2.12496280670166)]"
3,dative_doubled,Sofía le devolvió los libros a José en el colegio por la mañana del martes,José,6.055772304534912,9.139525413513184,"[('Sofía', 9.273056030273438), ('le', 6.591995716094971), ('devolvió', 20.03955602645874), ('los', 7.535588264465332), ('libros', 17.89364528656006), ('a', 9.380813598632812), ('José', 9.139525413513184), ('en', 6.06992769241333), ('el', 3.7478909492492676), ('colegio', 7.170976638793945), ('por', 7.157362461090088), ('la', 3.529362678527832), ('mañana', 11.266343116760254), ('del', 3.244696617126465), ('martes', 11.1862473487854)]"
3,accusative,Sofía vio a José en el colegio por la mañana del martes.,José,5.676959037780762,8.86784553527832,"[('Sofía', 9.014257431030273), ('vio', 12.376410007476807), ('a', 9.303844451904297), ('José', 8.86784553527832), ('en', 6.579791069030762), ('el', 3.7743144035339355), ('colegio', 7.45436429977417), ('por', 7.462368011474609), ('la', 4.243290901184082), ('mañana', 10.788165092468262), ('del', 2.904186248779297), ('martes', 11.693538665771484), ('.', 2.045927047729492)]"
3,accusative_doubled,Sofía lo vio a José en el colegio por la mañana del martes.,José,5.926427364349365,8.860015869140625,"[('Sofía', 9.537507057189941), ('lo', 8.319900512695312), ('vio', 14.075392723083496), ('a', 9.037091255187988), ('José', 8.860015869140625), ('en', 6.516746520996094), ('el', 3.6730899810791016), ('colegio', 7.805508136749268), ('por', 7.1817779541015625), ('la', 3.9585800170898438), ('mañana', 10.925895690917969), ('del', 2.959723472595215), ('martes', 11.638670444488525), ('.', 2.1857833862304688)]"
4,dative,Lucas vendió unas tartas a Mariana en la panadería del centro de la ciudad.,Mariana,5.4160637855529785,11.482874870300293,"[('Lucas', 9.16821575164795), ('vendió', 11.881231307983398), ('unas', 12.945456981658936), ('tartas', 14.786094665527344), ('a', 7.32526159286499), ('Mariana', 11.482874870300293), ('en', 6.323401927947998), ('la', 3.094670295715332), ('panadería', 23.12193012237549), ('del', 1.4731063842773438), ('centro', 4.623991012573242), ('de', 0.3152894973754883), ('la', 0.5234775543212891), ('ciudad', 5.440600872039795), ('.', 1.2317333221435547)]"
4,dative_doubled,Lucas le vendió unas tartas a Mariana en la panadería del centro de la ciudad.,Mariana,5.510114669799805,11.459285736083984,"[('Lucas', 9.152457237243652), ('le', 6.4294281005859375), ('vendió', 13.005675792694092), ('unas', 12.535985946655273), ('tartas', 14.819190979003906), ('a', 7.335104942321777), ('Mariana', 11.459285736083984), ('en', 6.294278144836426), ('la', 2.931302070617676), ('panadería', 23.02953290939331), ('del', 1.5442514419555664), ('centro', 4.742363929748535), ('de', 0.3056507110595703), ('la', 0.5411872863769531), ('ciudad', 5.667489528656006), ('.', 1.4293403625488281)]"
4,accusative,Lucas abrazó a Mariana en la panadería del centro de la ciudad.,Mariana,5.282359600067139,12.67210865020752,"[('Lucas', 9.444150924682617), ('abrazó', 14.746557712554932), ('a', 6.649766445159912), ('Mariana', 12.67210865020752), ('en', 7.103962421417236), ('la', 2.8401260375976562), ('panadería', 22.786253929138184), ('del', 1.6272916793823242), ('centro', 4.660150051116943), ('de', 0.2695302963256836), ('la', 0.5514011383056641), ('ciudad', 5.170429706573486), ('.', 1.2783756256103516)]"
4,accusative_doubled,Lucas la abrazó a Mariana en la panadería del centro de la ciudad.,Mariana,5.286375045776367,12.747627258300781,"[('Lucas', 10.577770233154297), ('la', 3.689335823059082), ('abrazó', 15.724064350128174), ('a', 6.54026985168457), ('Mariana', 12.747627258300781), ('en', 7.109252452850342), ('la', 2.482118606567383), ('panadería', 22.594064712524414), ('del', 1.689427375793457), ('centro', 4.689738750457764), ('de', 0.2699470520019531), ('la', 0.4988374710083008), ('ciudad', 5.165360927581787), ('.', 1.3769330978393555)]"
5,dative,Marta compró un regalo a Carlos en el mercado de la avenida por la tarde.,Carlos,5.305660247802734,10.82499885559082,"[('Marta', 7.971623420715332), ('compró', 12.116997718811035), ('un', 8.664194107055664), ('regalo', 14.279075622558594), ('a', 8.44842529296875), ('Carlos', 10.82499885559082), ('en', 5.465056896209717), ('el', 3.938202381134033), ('mercado', 10.144296646118164), ('de', 0.9361019134521484), ('la', 1.0515375137329102), ('avenida', 13.548794269561768), ('por', 6.345445156097412), ('la', 3.135899543762207), ('tarde', 13.831504821777344), ('.', 1.3280391693115234)]"
5,dative_doubled,Marta le compró un regalo a Carlos en el mercado de la avenida por la tarde.,Carlos,5.328723907470703,10.92064380645752,"[('Marta', 8.367733001708984), ('le', 5.293766975402832), ('compró', 12.024104118347168), ('un', 8.325304985046387), ('regalo', 14.585136890411377), ('a', 8.507678985595703), ('Carlos', 10.92064380645752), ('en', 5.280235290527344), ('el', 3.9525251388549805), ('mercado', 10.305682182312012), ('de', 0.9516220092773438), ('la', 1.0426502227783203), ('avenida', 13.712275981903076), ('por', 6.386836528778076), ('la', 3.2261648178100586), ('tarde', 13.797367095947266), ('.', 1.2096529006958008)]"
5,accusative,Marta empujó a Carlos en el mercado de la avenida por la tarde.,Carlos,5.109358787536621,10.855690002441406,"[('Marta', 7.342520713806152), ('empujó', 20.59315776824951), ('a', 7.915853500366211), ('Carlos', 10.855690002441406), ('en', 5.619000434875488), ('el', 4.0244059562683105), ('mercado', 10.387087345123291), ('de', 0.9879369735717773), ('la', 0.9684715270996094), ('avenida', 13.582693099975586), ('por', 6.373897075653076), ('la', 3.1822071075439453), ('tarde', 14.110073566436768), ('.', 1.353529930114746)]"
5,accusative_doubled,Marta lo empujó a Carlos en el mercado de la avenida por la tarde.,Carlos,5.221259593963623,10.771879196166992,"[('Marta', 7.421669960021973), ('lo', 6.417477130889893), ('empujó', 21.5607647895813), ('a', 7.877864837646484), ('Carlos', 10.771879196166992), ('en', 5.671219825744629), ('el', 4.008743762969971), ('mercado', 10.435786724090576), ('de', 1.026402473449707), ('la', 0.9710836410522461), ('avenida', 13.710452556610107), ('por', 6.212765693664551), ('la', 3.1279172897338867), ('tarde', 14.01077127456665), ('.', 1.6429176330566406)]"
6,dative,Ricardo regaló un peluche a Patricia durante el festival del sábado a la tarde.,Patricia,5.9281697273254395,10.692225456237793,"[('Ricardo', 5.804827690124512), ('regaló', 11.697856903076172), ('un', 7.813353538513184), ('peluche', 18.80980396270752), ('a', 5.576825141906738), ('Patricia', 10.692225456237793), ('durante', 8.650266170501709), ('el', 6.574479103088379), ('festival', 9.71007251739502), ('del', 3.77095890045166), ('sábado', 14.959084033966064), ('a', 7.191854953765869), ('la', 3.354142665863037), ('tarde', 14.975660800933838), ('.', 0.8383331298828125)]"
6,dative_doubled,Ricardo le regaló un peluche a Patricia durante el festival del sábado a la tarde.,Patricia,5.973242282867432,10.43329906463623,"[('Ricardo', 6.128563404083252), ('le', 5.970873832702637), ('regaló', 13.613110542297363), ('un', 7.688108444213867), ('peluche', 18.591880798339844), ('a', 5.676268100738525), ('Patricia', 10.43329906463623), ('durante', 8.56975269317627), ('el', 6.448840618133545), ('festival', 9.594146728515625), ('del', 3.822113037109375), ('sábado', 15.087772846221924), ('a', 7.2908406257629395), ('la', 2.9532909393310547), ('tarde', 14.752941131591797), ('.', 0.7627592086791992)]"
6,accusative,Ricardo conoció a Patricia durante el festival del sábado a la tarde.,Patricia,5.825750827789307,10.744331359863281,"[('Ricardo', 5.445986270904541), ('conoció', 17.266152381896973), ('a', 5.625238418579102), ('Patricia', 10.744331359863281), ('durante', 8.369590282440186), ('el', 6.626865386962891), ('festival', 9.63691520690918), ('del', 3.8583526611328125), ('sábado', 16.056244373321533), ('a', 7.50090217590332), ('la', 3.832932472229004), ('tarde', 15.294397354125977), ('.', 0.4313545227050781)]"
6,accusative_doubled,Ricardo la conoció a Patricia durante el festival del sábado a la tarde.,Patricia,5.70184326171875,10.632547378540039,"[('Ricardo', 5.904660224914551), ('la', 3.372286796569824), ('conoció', 17.511363983154297), ('a', 5.563899040222168), ('Patricia', 10.632547378540039), ('durante', 8.331004619598389), ('el', 6.3732171058654785), ('festival', 9.298614501953125), ('del', 3.729973793029785), ('sábado', 16.093763828277588), ('a', 7.786406517028809), ('la', 3.597393035888672), ('tarde', 15.379546165466309), ('.', 0.46218204498291016)]"
7,dative,Sonia envió unos mensajes a Matías en la oficina del jefe de la compañía.,Matías,5.721107482910156,8.511113166809082,"[('Sonia', 9.477469444274902), ('envió', 15.01294755935669), ('unos', 14.449745178222656), ('mensajes', 19.919625282287598), ('a', 7.172025680541992), ('Matías', 8.511113166809082), ('en', 5.725607395172119), ('la', 8.371420860290527), ('oficina', 25.77717351913452), ('del', 4.274702548980713), ('jefe', 14.691986083984375), ('de', 1.772684097290039), ('la', 1.3628110885620117), ('compañía', 11.59977674484253), ('.', 0.6297121047973633)]"
7,dative_doubled,Sonia le envió unos mensajes a Matías en la oficina del jefe de la compañía.,Matías,5.706070899963379,8.526412010192871,"[('Sonia', 8.772745132446289), ('le', 5.713543891906738), ('envió', 15.23109245300293), ('unos', 14.63149881362915), ('mensajes', 20.356801509857178), ('a', 7.13668966293335), ('Matías', 8.526412010192871), ('en', 5.596932888031006), ('la', 8.178488731384277), ('oficina', 25.682575225830078), ('del', 4.287471771240234), ('jefe', 14.453484058380127), ('de', 1.8234004974365234), ('la', 1.3973207473754883), ('compañía', 11.611319541931152), ('.', 0.6641502380371094)]"
7,accusative,Sonia interrogó a Matías en la oficina del jefe de la compañía.,Matías,5.666955947875977,10.09159803390503,"[('Sonia', 9.148661613464355), ('interrogó', 18.2554988861084), ('a', 7.160575866699219), ('Matías', 10.09159803390503), ('en', 5.8997368812561035), ('la', 8.672592163085938), ('oficina', 25.28849744796753), ('del', 3.727612018585205), ('jefe', 15.486585140228271), ('de', 1.4166641235351562), ('la', 1.2086381912231445), ('compañía', 12.10213565826416), ('.', 0.5472888946533203)]"
7,accusative_doubled,Sonia lo interrogó a Matías en la oficina del jefe de la compañía.,Matías,5.777957439422607,10.378831386566162,"[('Sonia', 8.743265151977539), ('lo', 7.285264015197754), ('interrogó', 19.936838150024414), ('a', 7.009374618530273), ('Matías', 10.378831386566162), ('en', 5.951902866363525), ('la', 8.26716423034668), ('oficina', 25.269607543945312), ('del', 3.7209787368774414), ('jefe', 15.316949844360352), ('de', 1.4251298904418945), ('la', 1.1262092590332031), ('compañía', 11.936012744903564), ('.', 0.7475252151489258)]"
8,dative,Nicolás prestó sus pesas a Sandra en el gimnasio del club de fútbol.,Sandra,5.913070201873779,14.431896209716797,"[('Nicolás', 7.0110368728637695), ('prestó', 13.557293891906738), ('sus', 12.80196475982666), ('pesas', 12.133646488189697), ('a', 7.95730447769165), ('Sandra', 14.431896209716797), ('en', 5.786909103393555), ('el', 5.467676639556885), ('gimnasio', 21.218005180358887), ('del', 3.8019542694091797), ('club', 7.145238876342773), ('de', 1.9218149185180664), ('fútbol', 15.245210647583008), ('.', 1.6075935363769531)]"
8,dative_doubled,Nicolás le prestó sus pesas a Sandra en el gimnasio del club de fútbol.,Sandra,5.813230991363525,14.315354347229004,"[('Nicolás', 5.948856830596924), ('le', 4.892688274383545), ('prestó', 13.536669731140137), ('sus', 12.687549591064453), ('pesas', 12.183756351470947), ('a', 8.028152465820312), ('Sandra', 14.315354347229004), ('en', 5.551526069641113), ('el', 5.145593166351318), ('gimnasio', 21.34574270248413), ('del', 3.86407470703125), ('club', 7.307773590087891), ('de', 1.791682243347168), ('fútbol', 15.48063039779663), ('.', 1.6242589950561523)]"
8,accusative,Nicolás buscó a Sandra en el gimnasio del club de fútbol.,Sandra,5.8237786293029785,13.493943214416504,"[('Nicolás', 7.158604621887207), ('buscó', 13.713400840759277), ('a', 7.689414024353027), ('Sandra', 13.493943214416504), ('en', 6.048943996429443), ('el', 5.332276821136475), ('gimnasio', 21.23289442062378), ('del', 3.8799047470092773), ('club', 6.667272090911865), ('de', 1.8981761932373047), ('fútbol', 16.08850908279419), ('.', 1.6246824264526367)]"
8,accusative_doubled,Nicolás la buscó a Sandra en el gimnasio del club de fútbol.,Sandra,5.6827778816223145,13.621366500854492,"[('Nicolás', 7.184028625488281), ('la', 2.9937992095947266), ('buscó', 13.764400005340576), ('a', 7.490884304046631), ('Sandra', 13.621366500854492), ('en', 5.66491174697876), ('el', 5.001551151275635), ('gimnasio', 21.747693061828613), ('del', 3.5453405380249023), ('club', 6.7891621589660645), ('de', 1.7514123916625977), ('fútbol', 16.838075637817383), ('.', 1.5801525115966797)]"
9,dative,Clara devolvió los zapatos a Emilio en la zapatería de un barrio de Nueva York.,Emilio,6.309596538543701,9.65710163116455,"[('Clara', 8.447038650512695), ('devolvió', 20.674643516540527), ('los', 7.086338996887207), ('zapatos', 19.417717933654785), ('a', 8.05819320678711), ('Emilio', 9.65710163116455), ('en', 6.024502754211426), ('la', 4.451844215393066), ('zapatería', 15.976045608520508), ('de', 1.8355131149291992), ('un', 11.676346778869629), ('barrio', 10.271014213562012), ('de', 0.9374284744262695), ('Nueva', 5.130277633666992), ('York', 8.938329696655273), ('.', 0.22879886627197266)]"
9,dative_doubled,Clara le devolvió los zapatos a Emilio en la zapatería de un barrio de Nueva York.,Emilio,6.356104850769043,9.60140609741211,"[('Clara', 8.220245361328125), ('le', 6.667486190795898), ('devolvió', 21.545502185821533), ('los', 7.235438346862793), ('zapatos', 19.48723268508911), ('a', 8.03634262084961), ('Emilio', 9.60140609741211), ('en', 5.947312831878662), ('la', 4.192293643951416), ('zapatería', 16.041534423828125), ('de', 1.8338184356689453), ('un', 11.613685607910156), ('barrio', 10.476570129394531), ('de', 0.8682126998901367), ('Nueva', 5.305310249328613), ('York', 8.87678050994873), ('.', 0.24123191833496094)]"
9,accusative,Clara vio a Emilio en la zapatería de un barrio de Nueva York.,Emilio,6.2250471115112305,9.429377555847168,"[('Clara', 7.914986610412598), ('vio', 13.174060821533203), ('a', 7.3551249504089355), ('Emilio', 9.429377555847168), ('en', 6.105091094970703), ('la', 3.8359336853027344), ('zapatería', 17.753929138183594), ('de', 1.6806516647338867), ('un', 12.06574535369873), ('barrio', 10.305453300476074), ('de', 0.9664106369018555), ('Nueva', 5.662599563598633), ('York', 9.321488380432129), ('.', 0.2549428939819336)]"
9,accusative_doubled,Clara lo vio a Emilio en la zapatería de un barrio de Nueva York.,Emilio,6.4107346534729,9.439515113830566,"[('Clara', 8.194058418273926), ('lo', 7.942394733428955), ('vio', 14.669874668121338), ('a', 7.274089336395264), ('Emilio', 9.439515113830566), ('en', 6.005011081695557), ('la', 3.844600200653076), ('zapatería', 17.97828245162964), ('de', 1.6697769165039062), ('un', 11.902438163757324), ('barrio', 10.11121940612793), ('de', 0.9685945510864258), ('Nueva', 5.868442535400391), ('York', 9.234172821044922), ('.', 0.29075145721435547)]"
10,dative,Hugo vendió unos collares a Susana en la feria de artesanía del pueblo.,Susana,5.031662464141846,10.794366836547852,"[('Hugo', 7.45410680770874), ('vendió', 11.25312852859497), ('unos', 14.971400260925293), ('collares', 13.408300399780273), ('a', 7.692127227783203), ('Susana', 10.794366836547852), ('en', 6.051390171051025), ('la', 3.2530651092529297), ('feria', 8.200931549072266), ('de', 1.3791742324829102), ('artesanía', 15.511054039001465), ('del', 1.8274507522583008), ('pueblo', 7.52197265625), ('.', 1.3781118392944336)]"
10,dative_doubled,Hugo le vendió unos collares a Susana en la feria de artesanía del pueblo.,Susana,5.122593402862549,10.603562355041504,"[('Hugo', 7.084784030914307), ('le', 5.987290859222412), ('vendió', 12.587786197662354), ('unos', 14.926615238189697), ('collares', 13.187058448791504), ('a', 7.704075336456299), ('Susana', 10.603562355041504), ('en', 5.992966175079346), ('la', 3.096096992492676), ('feria', 8.354700088500977), ('de', 1.3632488250732422), ('artesanía', 15.846936702728271), ('del', 1.8698310852050781), ('pueblo', 7.857089042663574), ('.', 1.357609748840332)]"
10,accusative,Hugo abrazó a Susana en la feria de artesanía del pueblo.,Susana,4.751277446746826,10.84565544128418,"[('Hugo', 8.112842559814453), ('abrazó', 13.389060020446777), ('a', 7.2822747230529785), ('Susana', 10.84565544128418), ('en', 6.690427303314209), ('la', 3.3563928604125977), ('feria', 8.86133337020874), ('de', 1.1132736206054688), ('artesanía', 15.653962135314941), ('del', 1.8236560821533203), ('pueblo', 7.565568923950195), ('.', 0.8285455703735352)]"
10,accusative_doubled,Hugo la abrazó a Susana en la feria de artesanía del pueblo.,Susana,4.769019603729248,10.944733619689941,"[('Hugo', 8.978520393371582), ('la', 3.606846332550049), ('abrazó', 14.379993915557861), ('a', 7.120336055755615), ('Susana', 10.944733619689941), ('en', 6.523383140563965), ('la', 2.963411331176758), ('feria', 8.765869617462158), ('de', 1.1306543350219727), ('artesanía', 15.898278713226318), ('del', 1.8480262756347656), ('pueblo', 7.5506205558776855), ('.', 0.9006967544555664)]"
11,dative,Ariana compró varios tickets a Jesús en la estación de tren de Retiro.,Jesús,5.9849677085876465,11.527031898498535,"[('Ariana', 9.521721839904785), ('compró', 14.056349754333496), ('varios', 13.952293395996094), ('tickets', 16.756839752197266), ('a', 7.332330226898193), ('Jesús', 11.527031898498535), ('en', 5.872189998626709), ('la', 3.0728225708007812), ('estación', 7.498021602630615), ('de', 1.5800018310546875), ('tren', 13.854380130767822), ('de', 2.8875856399536133), ('Retiro', 17.047088146209717), ('.', 0.7256660461425781)]"
11,dative_doubled,Ariana le compró varios tickets a Jesús en la estación de tren de Retiro.,Jesús,5.971640110015869,11.601096153259277,"[('Ariana', 9.70046329498291), ('le', 6.0276994705200195), ('compró', 12.994702339172363), ('varios', 14.159255027770996), ('tickets', 16.86005210876465), ('a', 7.448788166046143), ('Jesús', 11.601096153259277), ('en', 5.767788887023926), ('la', 2.8630380630493164), ('estación', 7.631875514984131), ('de', 1.6743669509887695), ('tren', 13.76745080947876), ('de', 2.8333487510681152), ('Retiro', 17.245654106140137), ('.', 0.8005161285400391)]"
11,accusative,Ariana empujó a Jesús en la estación de tren de Retiro.,Jesús,5.177657127380371,10.246910095214844,"[('Ariana', 9.147731304168701), ('empujó', 20.024539947509766), ('a', 6.138582706451416), ('Jesús', 10.246910095214844), ('en', 5.538862705230713), ('la', 2.6201982498168945), ('estación', 8.271366119384766), ('de', 1.5756721496582031), ('tren', 13.722790718078613), ('de', 2.9012203216552734), ('Retiro', 17.3311767578125), ('.', 0.8564386367797852)]"
11,accusative_doubled,Ariana lo empujó a Jesús en la estación de tren de Retiro.,Jesús,5.398180961608887,10.404972076416016,"[('Ariana', 9.340774536132812), ('lo', 7.860269069671631), ('empujó', 21.430562496185303), ('a', 6.200595855712891), ('Jesús', 10.404972076416016), ('en', 5.543400764465332), ('la', 2.588883399963379), ('estación', 8.32107400894165), ('de', 1.700521469116211), ('tren', 13.59386157989502), ('de', 2.8540635108947754), ('Retiro', 17.24882221221924), ('.', 0.8758220672607422)]"
12,dative,Gonzalo regaló su computadora a Catalina antes del viaje a Europa durante el verano.,Catalina,5.54476261138916,8.879314422607422,"[('Gonzalo', 4.982568740844727), ('regaló', 10.569814682006836), ('su', 8.166143417358398), ('computadora', 19.392232418060303), ('a', 6.5182719230651855), ('Catalina', 8.879314422607422), ('antes', 9.319530010223389), ('del', 5.54717493057251), ('viaje', 15.84253215789795), ('a', 6.360334396362305), ('Europa', 13.880820274353027), ('durante', 13.030243396759033), ('el', 4.861338138580322), ('verano', 10.599597930908203), ('.', 0.6691379547119141)]"
12,dative_doubled,Gonzalo le regaló su computadora a Catalina antes del viaje a Europa durante el verano.,Catalina,5.6442694664001465,8.879541397094727,"[('Gonzalo', 4.747196197509766), ('le', 7.16272497177124), ('regaló', 12.148307800292969), ('su', 7.804060935974121), ('computadora', 19.4013614654541), ('a', 6.600518703460693), ('Catalina', 8.879541397094727), ('antes', 9.259170532226562), ('del', 5.647154331207275), ('viaje', 15.796387195587158), ('a', 6.377715110778809), ('Europa', 13.76803207397461), ('durante', 13.013127326965332), ('el', 4.754704475402832), ('verano', 10.623146533966064), ('.', 0.7678709030151367)]"
12,accusative,Gonzalo conoció a Catalina antes del viaje a Europa durante el verano.,Catalina,5.545901298522949,9.935263633728027,"[('Gonzalo', 4.721077919006348), ('conoció', 17.14801788330078), ('a', 5.910231590270996), ('Catalina', 9.935263633728027), ('antes', 8.845686912536621), ('del', 5.339242458343506), ('viaje', 15.715119361877441), ('a', 6.279324054718018), ('Europa', 13.87584114074707), ('durante', 12.780406475067139), ('el', 4.791965484619141), ('verano', 10.753715991973877), ('.', 0.3680267333984375)]"
12,accusative_doubled,Gonzalo la conoció a Catalina antes del viaje a Europa durante el verano.,Catalina,5.477268695831299,9.988933563232422,"[('Gonzalo', 5.205820083618164), ('la', 4.324114799499512), ('conoció', 16.91421413421631), ('a', 5.947002410888672), ('Catalina', 9.988933563232422), ('antes', 8.819472789764404), ('del', 5.307490348815918), ('viaje', 15.68132209777832), ('a', 6.147900104522705), ('Europa', 13.93083667755127), ('durante', 12.444576263427734), ('el', 4.589812755584717), ('verano', 10.725458145141602), ('.', 0.47295475006103516)]"
13,dative,Pilar envió un paquete a Samuel en la oficina de correo del centro comercial.,Samuel,5.960366725921631,12.83962345123291,"[('Pilar', 8.430147171020508), ('envió', 14.984588146209717), ('un', 7.547909259796143), ('paquete', 18.432382583618164), ('a', 6.85366678237915), ('Samuel', 12.83962345123291), ('en', 5.976230144500732), ('la', 9.033448219299316), ('oficina', 25.849499702453613), ('de', 2.3898439407348633), ('correo', 7.773670196533203), ('del', 1.8583459854125977), ('centro', 5.508935928344727), ('comercial', 20.958428382873535), ('.', 0.5724458694458008)]"
13,dative_doubled,Pilar le envió un paquete a Samuel en la oficina de correo del centro comercial.,Samuel,5.9887800216674805,12.806743621826172,"[('Pilar', 8.634936332702637), ('le', 5.835537910461426), ('envió', 15.440571308135986), ('un', 7.683896064758301), ('paquete', 18.207436084747314), ('a', 6.952132701873779), ('Samuel', 12.806743621826172), ('en', 5.905850410461426), ('la', 8.682661056518555), ('oficina', 25.978721618652344), ('de', 2.3673019409179688), ('correo', 7.779703140258789), ('del', 1.9898366928100586), ('centro', 5.727532386779785), ('comercial', 21.055255889892578), ('.', 0.6601648330688477)]"
13,accusative,Pilar interrogó a Samuel en la oficina de correo del centro comercial.,Samuel,5.802684783935547,13.847484588623047,"[('Pilar', 8.949071407318115), ('interrogó', 17.919589042663574), ('a', 7.1881794929504395), ('Samuel', 13.847484588623047), ('en', 6.498651504516602), ('la', 9.861542701721191), ('oficina', 24.94974422454834), ('de', 2.2549867630004883), ('correo', 7.784791946411133), ('del', 1.756368637084961), ('centro', 5.066308498382568), ('comercial', 21.15701961517334), ('.', 0.4253120422363281)]"
13,accusative_doubled,Pilar lo interrogó a Samuel en la oficina de correo del centro comercial.,Samuel,5.992889881134033,13.85207748413086,"[('Pilar', 8.977581024169922), ('lo', 8.460060119628906), ('interrogó', 19.590075492858887), ('a', 7.242002964019775), ('Samuel', 13.85207748413086), ('en', 6.483214378356934), ('la', 9.438003540039062), ('oficina', 24.925824642181396), ('de', 2.3591299057006836), ('correo', 7.687957763671875), ('del', 1.8148326873779297), ('centro', 5.062434196472168), ('comercial', 21.47514247894287), ('.', 0.4681396484375)]"
14,dative,Luis prestó un pañuelo a Valentina en el restaurante de la empresa de finanzas.,Valentina,5.093425750732422,10.019490242004395,"[('Luis', 5.632640838623047), ('prestó', 12.146920680999756), ('un', 8.571300506591797), ('pañuelo', 18.769165992736816), ('a', 7.641782760620117), ('Valentina', 10.019490242004395), ('en', 5.237123966217041), ('el', 6.137176036834717), ('restaurante', 17.148057460784912), ('de', 0.5670976638793945), ('la', 0.8216314315795898), ('empresa', 16.35750722885132), ('de', 1.1813850402832031), ('finanzas', 11.836841583251953), ('.', 0.17409896850585938)]"
14,dative_doubled,Luis le prestó un pañuelo a Valentina en el restaurante de la empresa de finanzas.,Valentina,5.099490165710449,10.126367568969727,"[('Luis', 5.985574722290039), ('le', 4.5898566246032715), ('prestó', 12.620206832885742), ('un', 8.224916458129883), ('pañuelo', 18.964367389678955), ('a', 7.711799144744873), ('Valentina', 10.126367568969727), ('en', 5.118102550506592), ('el', 5.898417949676514), ('restaurante', 17.014740467071533), ('de', 0.5703725814819336), ('la', 0.8037052154541016), ('empresa', 16.3829927444458), ('de', 1.249770164489746), ('finanzas', 12.024849891662598), ('.', 0.20120716094970703)]"
14,accusative,Luis buscó a Valentina en el restaurante de la empresa de finanzas.,Valentina,4.907588005065918,9.90021800994873,"[('Luis', 6.325148105621338), ('buscó', 14.05546760559082), ('a', 7.926397800445557), ('Valentina', 9.90021800994873), ('en', 5.428307056427002), ('el', 6.990355491638184), ('restaurante', 16.768442630767822), ('de', 0.4996509552001953), ('la', 0.748504638671875), ('empresa', 15.978477478027344), ('de', 1.1845016479492188), ('finanzas', 12.152444839477539), ('.', 0.19383907318115234)]"
14,accusative_doubled,Luis la buscó a Valentina en el restaurante de la empresa de finanzas. ,Valentina,4.776902675628662,10.148380279541016,"[('Luis', 7.132524013519287), ('la', 2.4359521865844727), ('buscó', 13.851365566253662), ('a', 7.659294605255127), ('Valentina', 10.148380279541016), ('en', 5.115604877471924), ('el', 6.685459613800049), ('restaurante', 16.69038200378418), ('de', 0.4775514602661133), ('la', 0.6072826385498047), ('empresa', 15.991846561431885), ('de', 1.0961132049560547), ('finanzas', 12.164916038513184), ('.', 0.2582845687866211)]"
15,dative,Ana dio un libro a Diego en el instituto de inglés el viernes.,Diego,5.867733001708984,12.537531852722168,"[('Ana', 7.415718078613281), ('dio', 10.491761207580566), ('un', 9.100170135498047), ('libro', 17.453181266784668), ('a', 9.418803215026855), ('Diego', 12.537531852722168), ('en', 4.663314342498779), ('el', 4.629926681518555), ('instituto', 9.091972351074219), ('de', 0.8427534103393555), ('inglés', 11.042491436004639), ('el', 5.179508209228516), ('viernes', 9.326886177062988), ('.', 0.2929086685180664)]"
15,dative_doubled,Ana le dio un libro a Diego en el instituto de inglés el viernes.,Diego,6.000986099243164,12.529263496398926,"[('Ana', 7.728025913238525), ('le', 8.748414039611816), ('dio', 10.256543636322021), ('un', 8.89492130279541), ('libro', 17.320662021636963), ('a', 9.620309829711914), ('Diego', 12.529263496398926), ('en', 4.494110107421875), ('el', 4.605218410491943), ('instituto', 9.340761184692383), ('de', 0.8739681243896484), ('inglés', 10.993427276611328), ('el', 5.22389030456543), ('viernes', 9.094810485839844), ('.', 0.2953948974609375)]"
15,accusative,Ana encontró a Diego en el instituto de inglés el viernes.,Diego,5.299987316131592,12.52535629272461,"[('Ana', 7.186217308044434), ('encontró', 17.204225063323975), ('a', 9.32876205444336), ('Diego', 12.52535629272461), ('en', 4.624302864074707), ('el', 5.078365802764893), ('instituto', 8.750347137451172), ('de', 0.7724485397338867), ('inglés', 10.531219005584717), ('el', 5.2161173820495605), ('viernes', 8.62313175201416), ('.', 0.2592897415161133)]"
15,accusative_doubled,Ana lo encontró a Diego en el instituto de inglés el viernes.,Diego,5.500879287719727,12.52596664428711,"[('Ana', 7.1934943199157715), ('lo', 7.990394115447998), ('encontró', 17.683218479156494), ('a', 9.249475479125977), ('Diego', 12.52596664428711), ('en', 4.696197986602783), ('el', 4.968328475952148), ('instituto', 9.06457805633545), ('de', 0.8042116165161133), ('inglés', 10.686796188354492), ('el', 5.106628894805908), ('viernes', 8.725687026977539), ('.', 0.3208599090576172)]"
16,dative,Jorge ofreció un té a Martina en la cafetería de la universidad después de clases.,Martina,6.410006999969482,14.515292167663574,"[('Jorge', 9.972549438476562), ('ofreció', 25.87676239013672), ('un', 9.668811798095703), ('té', 11.72835636138916), ('a', 8.988373756408691), ('Martina', 14.515292167663574), ('en', 6.684898853302002), ('la', 3.031741142272949), ('cafetería', 16.706214904785156), ('de', 0.7184715270996094), ('la', 0.3126201629638672), ('universidad', 6.19809103012085), ('después', 14.969182968139648), ('de', 1.4585685729980469), ('clases', 10.0613374710083), ('.', 0.12888050079345703)]"
16,dative_doubled,Jorge le ofreció un té a Martina en la cafetería de la universidad después de clases.,Martina,6.205831050872803,14.402825355529785,"[('Jorge', 6.876367092132568), ('le', 6.288614273071289), ('ofreció', 24.688528060913086), ('un', 9.507861137390137), ('té', 11.476018905639648), ('a', 9.108589172363281), ('Martina', 14.402825355529785), ('en', 6.459481239318848), ('la', 2.873049736022949), ('cafetería', 16.69325065612793), ('de', 0.6890182495117188), ('la', 0.2883939743041992), ('universidad', 6.333212375640869), ('después', 15.105606079101562), ('de', 1.465871810913086), ('clases', 10.345939636230469), ('.', 0.13147449493408203)]"
16,accusative,Jorge saludó a Martina en la cafetería de la universidad después de clases.,Martina,5.297460556030273,14.472634315490723,"[('Jorge', 5.1382365226745605), ('saludó', 15.971132755279541), ('a', 8.237110137939453), ('Martina', 14.472634315490723), ('en', 6.906260013580322), ('la', 3.367550849914551), ('cafetería', 16.125356674194336), ('de', 0.880702018737793), ('la', 0.35569190979003906), ('universidad', 7.187830924987793), ('después', 15.18475341796875), ('de', 1.5446805953979492), ('clases', 10.415075778961182), ('.', 0.16220569610595703)]"
16,accusative_doubled,Jorge la saludó a Martina en la cafetería de la universidad después de clases.,Martina,5.349709510803223,14.51814079284668,"[('Jorge', 7.1352410316467285), ('la', 4.315420150756836), ('saludó', 16.39143943786621), ('a', 8.14852523803711), ('Martina', 14.51814079284668), ('en', 6.801101207733154), ('la', 2.950680732727051), ('cafetería', 16.12181854248047), ('de', 0.8782529830932617), ('la', 0.30889034271240234), ('universidad', 7.236695766448975), ('después', 15.324522972106934), ('de', 1.4537286758422852), ('clases', 10.553991317749023), ('.', 0.20544910430908203)]"
17,dative,Elisa compró unas manzanas a Alejandro en el mercado de frutas importadas.,Alejandro,5.47477912902832,10.45484447479248,"[('Elisa', 7.752738952636719), ('compró', 12.27930736541748), ('unas', 15.108801364898682), ('manzanas', 16.567336082458496), ('a', 7.536426544189453), ('Alejandro', 10.45484447479248), ('en', 5.505184650421143), ('el', 4.324605464935303), ('mercado', 10.978643417358398), ('de', 2.0000486373901367), ('frutas', 16.25395393371582), ('importadas', 17.058030128479004), ('.', 0.10000133514404297)]"
17,dative_doubled,Elisa le compró unas manzanas a Alejandro en el mercado de frutas importadas.,Alejandro,5.465941905975342,10.483524322509766,"[('Elisa', 7.788024425506592), ('le', 5.517261505126953), ('compró', 11.66601276397705), ('unas', 15.26456594467163), ('manzanas', 16.61143159866333), ('a', 7.565634727478027), ('Alejandro', 10.483524322509766), ('en', 5.338956832885742), ('el', 4.08658504486084), ('mercado', 11.12592077255249), ('de', 1.9158477783203125), ('frutas', 16.229316234588623), ('importadas', 17.469439029693604), ('.', 0.1200723648071289)]"
17,accusative,Elisa empujó a Alejandro en el mercado de frutas importadas.,Alejandro,5.504317283630371,10.733675956726074,"[('Elisa', 8.50139045715332), ('empujó', 21.656105041503906), ('a', 6.303706645965576), ('Alejandro', 10.733675956726074), ('en', 5.592220306396484), ('el', 4.834718704223633), ('mercado', 11.139034271240234), ('de', 2.1087684631347656), ('frutas', 15.902737140655518), ('importadas', 17.73592758178711), ('.', 0.07375335693359375)]"
17,accusative_doubled,Elisa lo empujó a Alejandro en el mercado de frutas importadas.,Alejandro,5.700583457946777,10.564262390136719,"[('Elisa', 9.340071678161621), ('lo', 7.999242782592773), ('empujó', 22.165684700012207), ('a', 6.3484578132629395), ('Alejandro', 10.564262390136719), ('en', 5.6291279792785645), ('el', 4.737574577331543), ('mercado', 11.20467472076416), ('de', 2.1262741088867188), ('frutas', 16.04744815826416), ('importadas', 17.75720977783203), ('.', 0.0916452407836914)]"
18,dative,Juan regaló dos entradas a Victoria en la puerta del cine antes de la película.,Victoria,4.984985828399658,12.442378997802734,"[('Juan', 6.411396026611328), ('regaló', 10.84196949005127), ('dos', 6.5696611404418945), ('entradas', 15.97158670425415), ('a', 8.457823753356934), ('Victoria', 12.442378997802734), ('en', 5.132139682769775), ('la', 3.2439842224121094), ('puerta', 12.025144100189209), ('del', 4.174703121185303), ('cine', 7.296518325805664), ('antes', 9.47129201889038), ('de', 1.1533985137939453), ('la', 0.8103494644165039), ('película', 18.992943286895752), ('.', 1.6293611526489258)]"
18,dative_doubled,Juan le regaló dos entradas a Victoria en la puerta del cine antes de la película.,Victoria,5.152302265167236,12.36585807800293,"[('Juan', 6.882139682769775), ('le', 7.065560817718506), ('regaló', 12.003239631652832), ('dos', 6.851006507873535), ('entradas', 16.458438396453857), ('a', 8.48741340637207), ('Victoria', 12.36585807800293), ('en', 5.048887729644775), ('la', 3.005107879638672), ('puerta', 12.167081356048584), ('del', 4.212635517120361), ('cine', 7.225423812866211), ('antes', 9.351203441619873), ('de', 1.2396984100341797), ('la', 0.7525663375854492), ('película', 19.115811824798584), ('.', 1.727768898010254)]"
18,accusative,Juan conoció a Victoria en la puerta del cine antes de la película.,Victoria,4.83071756362915,13.018152236938477,"[('Juan', 6.569083213806152), ('conoció', 15.61125135421753), ('a', 7.560508728027344), ('Victoria', 13.018152236938477), ('en', 6.313608646392822), ('la', 3.0263891220092773), ('puerta', 11.643685340881348), ('del', 4.424304008483887), ('cine', 7.146059989929199), ('antes', 9.188404083251953), ('de', 1.4305925369262695), ('la', 0.7915287017822266), ('película', 18.392643451690674), ('.', 1.1595706939697266)]"
18,accusative_doubled,Juan la conoció a Victoria en la puerta del cine antes de la película.,Victoria,4.782620429992676,12.80661678314209,"[('Juan', 7.175446510314941), ('la', 3.7156925201416016), ('conoció', 15.708871841430664), ('a', 7.563798904418945), ('Victoria', 12.80661678314209), ('en', 6.134305000305176), ('la', 2.618602752685547), ('puerta', 11.6820387840271), ('del', 4.355889797210693), ('cine', 7.172415733337402), ('antes', 9.172377586364746), ('de', 1.2157745361328125), ('la', 0.6266937255859375), ('película', 18.757521629333496), ('.', 1.2942132949829102)]"
19,dative,Luciana envió dulces a Mateo en las vacaciones de verano de la universidad.,Mateo,5.076211929321289,13.20650577545166,"[('Luciana', 9.955785751342773), ('envió', 18.03799819946289), ('dulces', 12.80949592590332), ('a', 9.553718566894531), ('Mateo', 13.20650577545166), ('en', 6.650414943695068), ('las', 5.089274883270264), ('vacaciones', 13.215177059173584), ('de', 0.9575538635253906), ('verano', 11.51775312423706), ('de', 0.6738052368164062), ('la', 0.3927021026611328), ('universidad', 7.522672176361084), ('.', 2.0938072204589844)]"
19,dative_doubled,Luciana le envió dulces a Mateo en las vacaciones de verano de la universidad.,Mateo,5.106356620788574,13.229743957519531,"[('Luciana', 9.684554100036621), ('le', 5.438223361968994), ('envió', 18.27365016937256), ('dulces', 12.825073719024658), ('a', 9.51788330078125), ('Mateo', 13.229743957519531), ('en', 6.54818868637085), ('las', 5.111204147338867), ('vacaciones', 13.441953182220459), ('de', 0.9238996505737305), ('verano', 11.411253452301025), ('de', 0.6428966522216797), ('la', 0.3679647445678711), ('universidad', 7.774905204772949), ('.', 2.2547988891601562)]"
19,accusative,Luciana interrogó a Mateo en las vacaciones de verano de la universidad.,Mateo,4.897208213806152,13.298877716064453,"[('Luciana', 9.836872100830078), ('interrogó', 17.049606323242188), ('a', 9.503889083862305), ('Mateo', 13.298877716064453), ('en', 7.066081523895264), ('las', 5.160186767578125), ('vacaciones', 12.837101936340332), ('de', 0.9872760772705078), ('verano', 11.659368515014648), ('de', 0.6729507446289062), ('la', 0.46274662017822266), ('universidad', 7.006165027618408), ('.', 2.403036117553711)]"
19,accusative_doubled,Luciana lo interrogó a Mateo en las vacaciones de verano de la universidad.,Mateo,5.1484174728393555,13.181722640991211,"[('Luciana', 10.227117538452148), ('lo', 8.106237411499023), ('interrogó', 18.8270263671875), ('a', 9.38780403137207), ('Mateo', 13.181722640991211), ('en', 7.046629428863525), ('las', 4.995325565338135), ('vacaciones', 12.799685001373291), ('de', 1.068953514099121), ('verano', 11.706225872039795), ('de', 0.6990489959716797), ('la', 0.4658527374267578), ('universidad', 7.1432952880859375), ('.', 2.461846351623535)]"
20,dative,Santiago prestó su abrigo a Sara en el crucero por las islas del Caribe.,Sara,5.715749263763428,11.208333015441895,"[('Santiago', 7.0187835693359375), ('prestó', 13.452766418457031), ('su', 8.087939262390137), ('abrigo', 16.967554092407227), ('a', 7.828202247619629), ('Sara', 11.208333015441895), ('en', 6.222883224487305), ('el', 3.653656482696533), ('crucero', 16.64893674850464), ('por', 6.396783351898193), ('las', 3.056455612182617), ('islas', 9.425018787384033), ('del', 2.182314872741699), ('Caribe', 12.219457149505615), ('.', 1.3773975372314453)]"
20,dative_doubled,Santiago le prestó su abrigo a Sara en el crucero por las islas del Caribe.,Sara,5.672966480255127,11.085911750793457,"[('Santiago', 5.70458459854126), ('le', 5.86915922164917), ('prestó', 13.71911907196045), ('su', 7.901980400085449), ('abrigo', 17.452311038970947), ('a', 7.899587154388428), ('Sara', 11.085911750793457), ('en', 6.034977436065674), ('el', 3.589275360107422), ('crucero', 16.54720640182495), ('por', 6.3891682624816895), ('las', 3.164841651916504), ('islas', 9.397504806518555), ('del', 2.1046371459960938), ('Caribe', 12.132734775543213), ('.', 1.4852180480957031)]"
20,accusative,Santiago buscó a Sara en el crucero por las islas del Caribe.,Sara,5.431811809539795,11.46950912475586,"[('Santiago', 5.313863277435303), ('buscó', 12.811020374298096), ('a', 7.461298942565918), ('Sara', 11.46950912475586), ('en', 6.471807956695557), ('el', 3.9699859619140625), ('crucero', 16.13684606552124), ('por', 6.619007110595703), ('las', 2.416454315185547), ('islas', 9.348612785339355), ('del', 2.0100231170654297), ('Caribe', 12.586664199829102), ('.', 1.157517433166504)]"
20,accusative_doubled,Santiago la buscó a Sara en el crucero por las islas del Caribe.,Sara,5.313349723815918,11.45031452178955,"[('Santiago', 5.579354286193848), ('la', 2.88590145111084), ('buscó', 13.367302417755127), ('a', 7.353042125701904), ('Sara', 11.45031452178955), ('en', 5.999636650085449), ('el', 3.851391315460205), ('crucero', 16.300865650177002), ('por', 6.622124195098877), ('las', 2.3548574447631836), ('islas', 9.443385601043701), ('del', 2.0913305282592773), ('Caribe', 12.502050399780273), ('.', 1.1520862579345703)]"
21,dative,Camila dio sus medicamentos a Daniel en el hospital en la madrugada del miércoles.,Daniel,5.663198471069336,10.797781944274902,"[('Camila', 10.386974811553955), ('dio', 7.830892086029053), ('sus', 12.492521286010742), ('medicamentos', 15.99701738357544), ('a', 8.083917617797852), ('Daniel', 10.797781944274902), ('en', 4.898473739624023), ('el', 6.838427543640137), ('hospital', 11.486444473266602), ('en', 5.219951152801514), ('la', 2.8169145584106445), ('madrugada', 17.782150268554688), ('del', 3.930434226989746), ('miércoles', 27.316002368927002), ('.', 1.3652582168579102)]"
21,dative_doubled,Camila le dio sus medicamentos a Daniel en el hospital en la madrugada del miércoles.,Daniel,5.7623419761657715,10.719078063964844,"[('Camila', 10.147431373596191), ('le', 7.108197212219238), ('dio', 9.427475929260254), ('sus', 12.083396911621094), ('medicamentos', 16.129299640655518), ('a', 8.243925094604492), ('Daniel', 10.719078063964844), ('en', 4.778532028198242), ('el', 6.731201171875), ('hospital', 11.405729293823242), ('en', 5.2118048667907715), ('la', 2.7394771575927734), ('madrugada', 18.36732578277588), ('del', 4.129772663116455), ('miércoles', 26.99835777282715), ('.', 1.362229347229004)]"
21,accusative,Camila encontró a Daniel en el hospital en la madrugada del miércoles.,Daniel,6.221783638000488,12.393118858337402,"[('Camila', 10.84577465057373), ('encontró', 16.70000457763672), ('a', 7.436864852905273), ('Daniel', 12.393118858337402), ('en', 4.698171138763428), ('el', 7.766438961029053), ('hospital', 11.316643714904785), ('en', 5.137170314788818), ('la', 3.116476058959961), ('madrugada', 18.36085557937622), ('del', 4.195289134979248), ('miércoles', 27.734489917755127), ('.', 0.9561595916748047)]"
21,accusative_doubled,Camila lo encontró a Daniel en el hospital en la madrugada del miércoles.,Daniel,6.27279806137085,12.18903923034668,"[('Camila', 10.32321834564209), ('lo', 7.106229782104492), ('encontró', 17.53824234008789), ('a', 7.509610652923584), ('Daniel', 12.18903923034668), ('en', 4.764346599578857), ('el', 7.611001491546631), ('hospital', 11.506369590759277), ('en', 5.2147955894470215), ('la', 2.82340145111084), ('madrugada', 18.40209722518921), ('del', 4.1555867195129395), ('miércoles', 27.616655826568604), ('.', 1.2409601211547852)]"
22,dative,Javier ofreció un té a Teresa en la cafetería del patio de comidas.,Teresa,7.624935626983643,10.598071098327637,"[('Javier', 9.250786781311035), ('ofreció', 24.754483699798584), ('un', 8.98150634765625), ('té', 12.402975082397461), ('a', 9.63222885131836), ('Teresa', 10.598071098327637), ('en', 6.7939653396606445), ('la', 3.1282801628112793), ('cafetería', 15.451436042785645), ('del', 4.249087333679199), ('patio', 10.113733291625977), ('de', 2.907088279724121), ('comidas', 18.89010524749756), ('.', 0.09509944915771484)]"
22,dative_doubled,Javier le ofreció un té a Teresa en la cafetería del patio de comidas.,Teresa,7.381659984588623,10.502631187438965,"[('Javier', 6.512146472930908), ('le', 7.175257205963135), ('ofreció', 24.18704605102539), ('un', 8.818069458007812), ('té', 12.099095344543457), ('a', 9.739543914794922), ('Teresa', 10.502631187438965), ('en', 6.508695125579834), ('la', 2.8709239959716797), ('cafetería', 15.66678524017334), ('del', 4.148568153381348), ('patio', 10.135436058044434), ('de', 2.866514205932617), ('comidas', 18.91456699371338), ('.', 0.10626697540283203)]"
22,accusative,Javier saludó a Teresa en la cafetería del patio de comidas.,Teresa,6.4251227378845215,10.349729537963867,"[('Javier', 5.745603561401367), ('saludó', 15.17750072479248), ('a', 8.726827621459961), ('Teresa', 10.349729537963867), ('en', 6.9283766746521), ('la', 3.500946044921875), ('cafetería', 14.857396125793457), ('del', 4.437528610229492), ('patio', 10.17176628112793), ('de', 3.219353675842285), ('comidas', 19.50902032852173), ('.', 0.1779165267944336)]"
22,accusative_doubled,Javier la saludó a Teresa en la cafetería del patio de comidas.,Teresa,6.285091400146484,10.338272094726562,"[('Javier', 6.6139140129089355), ('la', 3.792330265045166), ('saludó', 15.659658432006836), ('a', 8.635761260986328), ('Teresa', 10.338272094726562), ('en', 6.771090984344482), ('la', 2.974510669708252), ('cafetería', 14.90562915802002), ('del', 4.396518707275391), ('patio', 9.953246116638184), ('de', 2.9598731994628906), ('comidas', 19.63925552368164), ('.', 0.20649433135986328)]"
23,dative,Elena devolvió los auriculares a Raúl en el ensayo de la tarde del jueves.,Raúl,5.716037273406982,10.932355880737305,"[('Elena', 6.976179599761963), ('devolvió', 19.830219745635986), ('los', 9.495208740234375), ('auriculares', 18.891454696655273), ('a', 7.586568832397461), ('Raúl', 10.932355880737305), ('en', 4.845447063446045), ('el', 4.2782464027404785), ('ensayo', 14.562586307525635), ('de', 0.8061809539794922), ('la', 0.7204875946044922), ('tarde', 15.378484725952148), ('del', 3.6650009155273438), ('jueves', 18.662266731262207), ('.', 0.5541954040527344)]"
23,dative_doubled,Elena le devolvió los auriculares a Raúl en el ensayo de la tarde del jueves.,Raúl,5.77444314956665,10.987726211547852,"[('Elena', 6.865306377410889), ('le', 5.502167224884033), ('devolvió', 20.77887725830078), ('los', 9.773860931396484), ('auriculares', 19.12768030166626), ('a', 7.533217430114746), ('Raúl', 10.987726211547852), ('en', 4.755026340484619), ('el', 4.283445358276367), ('ensayo', 14.60845422744751), ('de', 0.8352146148681641), ('la', 0.6995906829833984), ('tarde', 15.294216632843018), ('del', 3.846412181854248), ('jueves', 18.87185573577881), ('.', 0.5980234146118164)]"
23,accusative,Elena vio a Raúl en el ensayo de la tarde del jueves.,Raúl,5.659324645996094,11.109990119934082,"[('Elena', 7.235973834991455), ('vio', 13.454544067382812), ('a', 7.565349578857422), ('Raúl', 11.109990119934082), ('en', 4.896171569824219), ('el', 4.4489569664001465), ('ensayo', 14.250799179077148), ('de', 1.1015329360961914), ('la', 0.943659782409668), ('tarde', 15.320196628570557), ('del', 3.517763614654541), ('jueves', 17.392532348632812), ('.', 0.6303787231445312)]"
23,accusative_doubled,Elena lo vio a Raúl en el ensayo de la tarde del jueves.,Raúl,5.834690093994141,10.889448165893555,"[('Elena', 7.531228065490723), ('lo', 7.183786392211914), ('vio', 15.146502494812012), ('a', 7.44173002243042), ('Raúl', 10.889448165893555), ('en', 5.0489678382873535), ('el', 4.398805141448975), ('ensayo', 14.326288223266602), ('de', 1.0824470520019531), ('la', 0.9658231735229492), ('tarde', 15.243481159210205), ('del', 3.5174293518066406), ('jueves', 17.330238342285156), ('.', 0.7529335021972656)]"
24,dative,Ángel vendió su armario a Paula en la residencia para estudiantes de medicina.,Paula,4.659371376037598,11.28030776977539,"[('Ángel', 7.607852935791016), ('vendió', 12.481720447540283), ('su', 6.769653797149658), ('armario', 12.3707594871521), ('a', 9.108409881591797), ('Paula', 11.28030776977539), ('en', 5.763872146606445), ('la', 3.290616035461426), ('residencia', 5.296273708343506), ('para', 8.564663887023926), ('estudiantes', 4.539089202880859), ('de', 0.8346233367919922), ('medicina', 9.661404609680176), ('.', 0.2775411605834961)]"
24,dative_doubled,Ángel le vendió su armario a Paula en la residencia para estudiantes de medicina.,Paula,4.760329723358154,11.261709213256836,"[('Ángel', 6.984419345855713), ('le', 7.214269161224365), ('vendió', 12.812825202941895), ('su', 6.938086986541748), ('armario', 12.102379322052002), ('a', 9.22290325164795), ('Paula', 11.261709213256836), ('en', 5.696074485778809), ('la', 3.028010368347168), ('residencia', 5.256953716278076), ('para', 8.582228660583496), ('estudiantes', 4.571681976318359), ('de', 0.8730554580688477), ('medicina', 9.829075336456299), ('.', 0.35357189178466797)]"
24,accusative,Ángel abrazó a Paula en la residencia para estudiantes de medicina.,Paula,4.4942708015441895,11.385544776916504,"[('Ángel', 6.341882228851318), ('abrazó', 15.078620433807373), ('a', 8.27312183380127), ('Paula', 11.385544776916504), ('en', 6.185347080230713), ('la', 2.978391647338867), ('residencia', 5.3766093254089355), ('para', 8.98011589050293), ('estudiantes', 4.906084060668945), ('de', 0.8551092147827148), ('medicina', 10.319077491760254), ('.', 0.21695804595947266)]"
24,accusative_doubled,Ángel la abrazó a Paula en la residencia para estudiantes de medicina.,Paula,4.572879791259766,11.41999626159668,"[('Ángel', 7.062502861022949), ('la', 4.963534355163574), ('abrazó', 15.618541240692139), ('a', 8.249510765075684), ('Paula', 11.41999626159668), ('en', 6.189098358154297), ('la', 2.572633743286133), ('residencia', 5.299779415130615), ('para', 9.038409233093262), ('estudiantes', 4.8607892990112305), ('de', 0.8315343856811523), ('medicina', 10.525195121765137), ('.', 0.2531919479370117)]"
25,dative,Antonella envió una botella de vino a Sergio en la fiesta de fin de año.,Sergio,5.811748504638672,9.061522483825684,"[('Antonella', 10.632035732269287), ('envió', 17.434207439422607), ('una', 8.226241111755371), ('botella', 12.791254997253418), ('de', 1.9572439193725586), ('vino', 8.75361967086792), ('a', 6.788760662078857), ('Sergio', 9.061522483825684), ('en', 6.506697654724121), ('la', 1.681748390197754), ('fiesta', 8.793956756591797), ('de', 1.1111373901367188), ('fin', 12.315629959106445), ('de', 5.905977249145508), ('año', 9.831737041473389), ('.', 0.2549409866333008)]"
25,dative_doubled,Antonella le envió una botella de vino a Sergio en la fiesta de fin de año.,Sergio,5.727188587188721,9.205377578735352,"[('Antonella', 10.330542087554932), ('le', 5.076897621154785), ('envió', 17.210774898529053), ('una', 7.874319076538086), ('botella', 12.79551362991333), ('de', 1.7752351760864258), ('vino', 8.80909538269043), ('a', 6.839545726776123), ('Sergio', 9.205377578735352), ('en', 6.364680767059326), ('la', 1.64227294921875), ('fiesta', 8.868217468261719), ('de', 1.0959339141845703), ('fin', 12.00147819519043), ('de', 5.814700603485107), ('año', 9.912451267242432), ('.', 0.3811178207397461)]"
25,accusative,Antonella interregó a Sergio en la fiesta de fin de año.,Sergio,5.787683963775635,10.406925201416016,"[('Antonella', 12.293873310089111), ('interregó', 16.74605655670166), ('a', 6.574162483215332), ('Sergio', 10.406925201416016), ('en', 7.094882965087891), ('la', 1.8284358978271484), ('fiesta', 8.60094928741455), ('de', 1.0194950103759766), ('fin', 11.704864501953125), ('de', 5.716708660125732), ('año', 10.461809635162354), ('.', 0.15477371215820312)]"
25,accusative_doubled,Antonella lo interrogó a Sergio en la fiesta de fin de año.,Sergio,6.097630977630615,9.901890754699707,"[('Antonella', 12.765519142150879), ('lo', 7.339570045471191), ('interrogó', 20.39893388748169), ('a', 6.7202935218811035), ('Sergio', 9.901890754699707), ('en', 7.116460800170898), ('la', 1.8464555740356445), ('fiesta', 8.381031036376953), ('de', 1.0404720306396484), ('fin', 12.142354965209961), ('de', 5.7337822914123535), ('año', 10.082692623138428), ('.', 0.1902761459350586)]"
26,dative,David prestó una toalla a Silvia en la pileta de la terraza del hotel.,Silvia,6.330705165863037,12.5128755569458,"[('David', 8.101301193237305), ('prestó', 13.965161323547363), ('una', 8.907513618469238), ('toalla', 23.14997100830078), ('a', 7.639787197113037), ('Silvia', 12.5128755569458), ('en', 5.695083141326904), ('la', 3.110976219177246), ('pileta', 13.861069679260254), ('de', 0.7139139175415039), ('la', 0.32795238494873047), ('terraza', 12.660823345184326), ('del', 2.11452579498291), ('hotel', 7.046241283416748), ('.', 0.4761934280395508)]"
26,dative_doubled,David le prestó una toalla a Silvia en la pileta de la terraza del hotel. ,Silvia,6.220048904418945,12.375288963317871,"[('David', 8.017017364501953), ('le', 4.076022148132324), ('prestó', 14.290605545043945), ('una', 8.93869400024414), ('toalla', 22.899424076080322), ('a', 7.913525581359863), ('Silvia', 12.375288963317871), ('en', 5.471385955810547), ('la', 2.9114255905151367), ('pileta', 13.832871437072754), ('de', 0.7341480255126953), ('la', 0.34238433837890625), ('terraza', 12.854052543640137), ('del', 2.1853952407836914), ('hotel', 7.064391613006592), ('.', 0.4943428039550781)]"
26,accusative,David buscó a Silvia en la pileta de la terraza del hotel.,Silvia,5.627532482147217,11.72694206237793,"[('David', 9.186596870422363), ('buscó', 14.75188159942627), ('a', 7.593461036682129), ('Silvia', 11.72694206237793), ('en', 5.910363674163818), ('la', 3.2224349975585938), ('pileta', 14.027491569519043), ('de', 0.8173131942749023), ('la', 0.3647041320800781), ('terraza', 12.95526647567749), ('del', 2.2786502838134766), ('hotel', 6.083073616027832), ('.', 1.122340202331543)]"
26,accusative_doubled,David la buscó a Silvia en la pileta de la terraza del hotel.,Silvia,5.416070461273193,11.788105964660645,"[('David', 10.03983211517334), ('la', 1.9315519332885742), ('buscó', 14.512937545776367), ('a', 7.469264030456543), ('Silvia', 11.788105964660645), ('en', 5.617275238037109), ('la', 2.839956283569336), ('pileta', 14.135177612304688), ('de', 0.7981252670288086), ('la', 0.2793693542480469), ('terraza', 13.100776195526123), ('del', 2.27609920501709), ('hotel', 6.032687187194824), ('.', 1.2520465850830078)]"
27,dative,Claudia dio una cerveza a Enrique en el bar de las afueras de Berlin.,Enrique,5.748482704162598,9.11978530883789,"[('Claudia', 7.71566104888916), ('dio', 9.27297067642212), ('una', 8.277578353881836), ('cerveza', 20.116538524627686), ('a', 7.447906970977783), ('Enrique', 9.11978530883789), ('en', 5.404895305633545), ('el', 3.69400691986084), ('bar', 8.244983673095703), ('de', 3.524477005004883), ('las', 3.826348304748535), ('afueras', 21.71252202987671), ('de', 1.0778255462646484), ('Berlin', 10.571527481079102), ('.', 0.7111091613769531)]"
27,dative_doubled,Claudia le dio una cerveza a Enrique en el bar de las afueras de Berlin.,Enrique,5.863227844238281,9.214612007141113,"[('Claudia', 7.61147403717041), ('le', 6.6267991065979), ('dio', 10.307836055755615), ('una', 8.196268081665039), ('cerveza', 20.882186889648438), ('a', 7.457212924957275), ('Enrique', 9.214612007141113), ('en', 5.331058502197266), ('el', 3.6035542488098145), ('bar', 8.054950714111328), ('de', 3.5046730041503906), ('las', 3.9678597450256348), ('afueras', 21.8924617767334), ('de', 1.036900520324707), ('Berlin', 10.514100074768066), ('.', 0.7890615463256836)]"
27,accusative,Claudia encontró a Enrique en el bar de las afueras de Berlin.,Enrique,6.017930030822754,10.44733715057373,"[('Claudia', 9.514254570007324), ('encontró', 16.24015235900879), ('a', 7.125446319580078), ('Enrique', 10.44733715057373), ('en', 4.84981107711792), ('el', 4.559913635253906), ('bar', 9.231029510498047), ('de', 2.841878890991211), ('las', 3.454085350036621), ('afueras', 22.302098274230957), ('de', 1.0782642364501953), ('Berlin', 10.175846099853516), ('.', 0.4846925735473633)]"
27,accusative_doubled,Claudia lo encontró a Enrique en el bar de las afueras de Berlin.,Enrique,6.090213298797607,10.334785461425781,"[('Claudia', 8.840812683105469), ('lo', 7.1713457107543945), ('encontró', 16.802773475646973), ('a', 7.1801438331604), ('Enrique', 10.334785461425781), ('en', 4.9519362449646), ('el', 4.46439266204834), ('bar', 9.115002632141113), ('de', 2.8190441131591797), ('las', 3.456573486328125), ('afueras', 22.558671474456787), ('de', 1.1677312850952148), ('Berlin', 10.177905082702637), ('.', 0.5827207565307617)]"
28,dative,Álvaro ofreció un trato a Josefina en el tribunal al principio del juicio.,Josefina,6.278065204620361,13.855222702026367,"[('Álvaro', 7.934254169464111), ('ofreció', 23.2385311126709), ('un', 7.422451019287109), ('trato', 12.364198684692383), ('a', 8.512378692626953), ('Josefina', 13.855222702026367), ('en', 5.803563117980957), ('el', 7.191383361816406), ('tribunal', 10.805426597595215), ('al', 7.3707966804504395), ('principio', 9.435030937194824), ('del', 3.111906051635742), ('juicio', 19.055594444274902), ('.', 2.0167036056518555)]"
28,dative_doubled,Álvaro le ofreció un trato a Josefina en el tribunal al principio del juicio.,Josefina,6.19476842880249,14.000126838684082,"[('Álvaro', 6.215117931365967), ('le', 6.880962371826172), ('ofreció', 23.301331520080566), ('un', 7.144752502441406), ('trato', 12.190815448760986), ('a', 8.49516487121582), ('Josefina', 14.000126838684082), ('en', 5.723379135131836), ('el', 7.005975723266602), ('tribunal', 10.75924015045166), ('al', 7.264069080352783), ('principio', 9.298301696777344), ('del', 3.2173242568969727), ('juicio', 18.909465789794922), ('.', 2.0736608505249023)]"
28,accusative,Álvaro saludó a Josefina en el tribunal al principio del juicio.,Josefina,5.70681095123291,13.619844436645508,"[('Álvaro', 5.157186985015869), ('saludó', 14.350342750549316), ('a', 8.17576789855957), ('Josefina', 13.619844436645508), ('en', 6.134517669677734), ('el', 7.313762664794922), ('tribunal', 11.782424926757812), ('al', 6.926068305969238), ('principio', 10.25551986694336), ('del', 3.5115485191345215), ('juicio', 18.742530822753906), ('.', 2.4598913192749023)]"
28,accusative_doubled,Álvaro la saludó a Josefina en el tribunal al principio del juicio.,Josefina,5.690014839172363,13.897419929504395,"[('Álvaro', 6.073307991027832), ('la', 4.87213659286499), ('saludó', 14.665239334106445), ('a', 7.971525192260742), ('Josefina', 13.897419929504395), ('en', 5.814492225646973), ('el', 6.926342010498047), ('tribunal', 11.776761054992676), ('al', 6.851243019104004), ('principio', 10.319732666015625), ('del', 3.4538016319274902), ('juicio', 18.666646003723145), ('.', 2.5116539001464844)]"
29,dative,Lucía devolvió el anillo a Fernando en el aniversario de la fiesta de casamiento.,Fernando,5.039518356323242,9.97863483428955,"[('Lucía', 7.346681118011475), ('devolvió', 18.508371829986572), ('el', 4.749115943908691), ('anillo', 16.00199031829834), ('a', 8.30148696899414), ('Fernando', 9.97863483428955), ('en', 5.2024431228637695), ('el', 4.235275745391846), ('aniversario', 12.676581859588623), ('de', 0.38245677947998047), ('la', 0.29485607147216797), ('fiesta', 7.340444087982178), ('de', 0.6718101501464844), ('casamiento', 14.536406993865967), ('.', 0.642852783203125)]"
29,dative_doubled,Lucía le devolvió el anillo a Fernando en el aniversario de la fiesta de casamiento.,Fernando,5.119472980499268,10.176847457885742,"[('Lucía', 7.136481761932373), ('le', 6.098613739013672), ('devolvió', 19.190247535705566), ('el', 5.186978816986084), ('anillo', 15.72865915298462), ('a', 8.454547882080078), ('Fernando', 10.176847457885742), ('en', 5.03889274597168), ('el', 4.333046913146973), ('aniversario', 12.402767658233643), ('de', 0.37885475158691406), ('la', 0.25687217712402344), ('fiesta', 7.37652063369751), ('de', 0.6797571182250977), ('casamiento', 14.628191947937012), ('.', 0.6805934906005859)]"
29,accusative,Lucía vio a Fernando en el aniversario de la fiesta de casamiento.,Fernando,4.723795413970947,9.47973918914795,"[('Lucía', 7.226806640625), ('vio', 12.761168479919434), ('a', 8.248292922973633), ('Fernando', 9.47973918914795), ('en', 5.538578510284424), ('el', 4.737672328948975), ('aniversario', 12.43944787979126), ('de', 0.39380550384521484), ('la', 0.31847286224365234), ('fiesta', 7.1763105392456055), ('de', 0.7498493194580078), ('casamiento', 15.000007152557373), ('.', 0.9581766128540039)]"
29,accusative_doubled,Lucía lo vio a Fernando en el aniversario de la fiesta de casamiento.,Fernando,5.02778959274292,9.54041862487793,"[('Lucía', 7.701192855834961), ('lo', 7.964215278625488), ('vio', 14.656464099884033), ('a', 8.156522750854492), ('Fernando', 9.54041862487793), ('en', 5.4304704666137695), ('el', 4.717562198638916), ('aniversario', 12.73105525970459), ('de', 0.3948993682861328), ('la', 0.3182249069213867), ('fiesta', 7.070809364318848), ('de', 0.7735738754272461), ('casamiento', 14.989033222198486), ('.', 1.0835533142089844)]"
30,dative,Iván vendió su sombrilla a Ángela en la playa de las afueras de la ciudad.,Ángela,5.159036636352539,13.109060287475586,"[('Iván', 7.822961807250977), ('vendió', 12.452266216278076), ('su', 7.783939838409424), ('sombrilla', 16.1368350982666), ('a', 8.562385559082031), ('Ángela', 13.109060287475586), ('en', 5.9087605476379395), ('la', 1.9078140258789062), ('playa', 14.087368488311768), ('de', 0.5802602767944336), ('las', 3.442244529724121), ('afueras', 22.39851188659668), ('de', 0.4787607192993164), ('la', 0.45499134063720703), ('ciudad', 6.999236106872559), ('.', 1.6914873123168945)]"
30,dative_doubled,Iván le vendió su sombrilla a Ángela en la playa de las afueras de la ciudad.,Ángela,5.269524574279785,12.939420700073242,"[('Iván', 8.272526741027832), ('le', 6.996762752532959), ('vendió', 13.162196636199951), ('su', 7.823635101318359), ('sombrilla', 16.45228385925293), ('a', 8.56193733215332), ('Ángela', 12.939420700073242), ('en', 5.75613260269165), ('la', 1.8028020858764648), ('playa', 13.946347713470459), ('de', 0.5439586639404297), ('las', 3.5131349563598633), ('afueras', 22.35399580001831), ('de', 0.5271387100219727), ('la', 0.3781251907348633), ('ciudad', 6.98019552230835), ('.', 1.7275333404541016)]"
30,accusative,Iván abrazó a Ángela en la playa de las afueras de la ciudad.,Ángela,5.403441429138184,13.815980911254883,"[('Iván', 8.601627349853516), ('abrazó', 14.671929836273193), ('a', 8.107405662536621), ('Ángela', 13.815980911254883), ('en', 6.250546455383301), ('la', 1.718597412109375), ('playa', 14.349802017211914), ('de', 0.5130643844604492), ('las', 3.4059295654296875), ('afueras', 22.21779155731201), ('de', 0.39557838439941406), ('la', 0.3761272430419922), ('ciudad', 6.749133110046387), ('.', 1.4918842315673828)]"
30,accusative_doubled,Iván la abrazó a Ángela en la playa de las afueras de la ciudad.,Ángela,5.3288702964782715,13.845169067382812,"[('Iván', 9.28608512878418), ('la', 3.437101364135742), ('abrazó', 15.040979862213135), ('a', 7.979864597320557), ('Ángela', 13.845169067382812), ('en', 6.18246603012085), ('la', 1.4115657806396484), ('playa', 14.204973697662354), ('de', 0.4802513122558594), ('las', 3.5406408309936523), ('afueras', 22.267544746398926), ('de', 0.37711429595947266), ('la', 0.30048465728759766), ('ciudad', 6.702602386474609), ('.', 1.5205726623535156)]"
31,dative,Andrea compró un cuadro a Domingo en la exposición de arte del martes.,Domingo,6.141014575958252,12.375069618225098,"[('Andrea', 7.616828918457031), ('compró', 10.984769821166992), ('un', 8.446638107299805), ('cuadro', 23.40196943283081), ('a', 10.242744445800781), ('Domingo', 12.375069618225098), ('en', 6.734829425811768), ('la', 3.7561721801757812), ('exposición', 20.431028842926025), ('de', 0.8284149169921875), ('arte', 3.6643447875976562), ('del', 3.093416213989258), ('martes', 10.974565505981445), ('.', 0.2695016860961914)]"
31,dative_doubled,Andrea le compró un cuadro a Domingo en la exposición de arte del martes.,Domingo,6.039397239685059,12.387789726257324,"[('Andrea', 7.202933311462402), ('le', 5.0898051261901855), ('compró', 10.617317199707031), ('un', 8.15128231048584), ('cuadro', 23.70713186264038), ('a', 10.19088077545166), ('Domingo', 12.387789726257324), ('en', 6.508277416229248), ('la', 3.3608808517456055), ('exposición', 20.78236961364746), ('de', 0.7712173461914062), ('arte', 3.836709976196289), ('del', 3.157353401184082), ('martes', 10.75128698348999), ('.', 0.31210899353027344)]"
31,accusative,Andrea empujó a Domingo en la exposición de arte del martes.,Domingo,5.842954635620117,11.825601577758789,"[('Andrea', 7.62447452545166), ('empujó', 20.731589317321777), ('a', 8.220345497131348), ('Domingo', 11.825601577758789), ('en', 6.788253307342529), ('la', 3.7600178718566895), ('exposición', 21.371620655059814), ('de', 0.8004245758056641), ('arte', 4.028938293457031), ('del', 3.0753698348999023), ('martes', 10.751970767974854), ('.', 0.35162830352783203)]"
31,accusative_doubled,Andrea lo empujó a Domingo en la exposición de arte del martes.,Domingo,5.945908546447754,11.886362075805664,"[('Andrea', 7.320699691772461), ('lo', 6.8781328201293945), ('empujó', 21.683990955352783), ('a', 8.099283218383789), ('Domingo', 11.886362075805664), ('en', 6.871377944946289), ('la', 3.5497398376464844), ('exposición', 21.546768188476562), ('de', 0.7877130508422852), ('arte', 4.187713623046875), ('del', 3.080354690551758), ('martes', 10.72728967666626), ('.', 0.4069366455078125)]"
32,dative,Mario regaló caramelos a Diana en la guardería para niños con discapacidades.,Diana,6.302468776702881,10.542945861816406,"[('Mario', 5.676225185394287), ('regaló', 10.12954044342041), ('caramelos', 14.218633651733398), ('a', 7.648625373840332), ('Diana', 10.542945861816406), ('en', 6.266336917877197), ('la', 3.9884114265441895), ('guardería', 16.403942108154297), ('para', 7.487926959991455), ('niños', 11.719856262207031), ('con', 7.307039260864258), ('discapacidades', 36.047454833984375), ('.', 1.2173614501953125)]"
32,dative_doubled,Mario le regaló caramelos a Diana en la guardería para niños con discapacidades.,Diana,6.4590864181518555,10.354284286499023,"[('Mario', 5.846230506896973), ('le', 7.035587310791016), ('regaló', 13.16650104522705), ('caramelos', 14.035880088806152), ('a', 7.74988317489624), ('Diana', 10.354284286499023), ('en', 6.026661396026611), ('la', 3.6539549827575684), ('guardería', 16.404449939727783), ('para', 7.5015668869018555), ('niños', 11.732993602752686), ('con', 7.415706157684326), ('discapacidades', 36.47612905502319), ('.', 1.1591691970825195)]"
32,accusative,Mario conoció a Diana en la guardería para niños con discapacidades. ,Diana,6.528712272644043,11.587446212768555,"[('Mario', 6.230703830718994), ('conoció', 15.223199367523193), ('a', 7.268850326538086), ('Diana', 11.587446212768555), ('en', 6.084105491638184), ('la', 4.331199645996094), ('guardería', 16.856451988220215), ('para', 7.458772659301758), ('niños', 11.683985710144043), ('con', 7.247595310211182), ('discapacidades', 35.98219919204712), ('.', 0.6197490692138672)]"
32,accusative_doubled,Mario la conoció a Diana en la guardería para niños con discapacidades.,Diana,6.425014495849609,11.404668807983398,"[('Mario', 7.126125812530518), ('la', 4.428873538970947), ('conoció', 15.319732189178467), ('a', 7.2862772941589355), ('Diana', 11.404668807983398), ('en', 5.972635269165039), ('la', 3.886448383331299), ('guardería', 16.84660243988037), ('para', 7.565543174743652), ('niños', 11.446242332458496), ('con', 7.223498821258545), ('discapacidades', 35.65954113006592), ('.', 0.7591180801391602)]"
